{
    "data":{
        "groups":[{
            "start":0,
            "count":516,
            "materialIndex":0
        }],
        "index":{
            "array":[0,1,2,3,4,5,6,7,8,0,9,8,6,10,2,11,7,2,12,13,8,14,13,15,6,16,17,6,18,19,6,20,21,22,23,2,24,23,25,24,26,27,11,26,28,11,29,30,31,7,27,0,32,33,0,34,35,12,34,36,12,37,38,39,40,15,6,40,41,42,43,21,22,43,44,12,45,46,47,48,38,39,48,49,50,51,52,50,53,17,54,53,55,54,56,19,57,58,44,59,58,60,59,61,25,31,62,33,63,64,36,65,64,66,65,67,46,47,67,68,47,69,70,71,51,49,72,51,41,42,56,73,42,74,75,57,74,76,57,77,78,79,80,25,81,80,28,82,80,83,82,84,30,31,84,85,31,86,87,88,86,89,88,90,33,63,90,91,92,93,70,71,93,94,95,96,97,95,98,52,99,98,55,100,74,101,100,102,78,103,102,104,103,105,60,103,106,107,79,105,108,109,110,91,111,112,66,111,110,113,114,115,68,114,112,116,92,115,117,118,96,94,119,98,120,119,121,122,119,123,73,124,105,125,124,126,83,124,127,128,129,130,85,129,126,131,132,133,89,132,130,134,109,133,135,136,137,117,118,137,138,139,140,97,141,142,73,143,142,101,144,145,104,146,147,107,146,145,148,149,147,125,150,151,116,136,151,152,153,140,138,154,140,155,154,156,120,157,156,158,157,159,122,141,159,160,144,142,161,162,163,128,164,165,131,164,163,166,167,168,134,167,165,169,170,168,171,170,172,135,173,172,174,173,175,113,150,175,176,177,178,152,153,178,179,180,156,181,180,182,160,183,182,184,183,185,186,183,187,161,188,187,189,188,190,148,188,191,192,193,194,125,193,190,195,162,194,196,197,198,176,177,198,199,200,201,155,202,203,196,204,203,166,205,203,206,205,207,169,208,207,171,209,207,210,209,211,174,197,211,212,213,214,179,200,214,215,216,201,217,216,218,219,216,220,181,221,220,222,221,223,184,224,223,186,225,223,226,225,227,189,228,227,192,229,227,230,229,231,195,202,231,232,233,211,234,233,235,199,213,235,236,237,238,217,239,238,236,240,238,215,241,242,217,243,242,219,244,242,222,245,242,226,246,242,247,246,4,230,248,4,232,249,4,250,249,251,206,252,253,210,252,251,254,255,253,234,239,253,256,241,253,5,257,4,254],
            "type":"Uint16Array",
            "itemSize":1
        },
        "attributes":{
            "normal":{
                "array":[0.932585,0.270425,-0.239021,0.949705,-0.168218,0.264077,0.951628,-0.191809,-0.239967,-0.967925,0.198492,0.153874,-0.956816,-0.0804773,-0.279244,-0.959807,-0.265236,0.091464,0.949705,-0.168218,0.264077,0.932585,0.270425,-0.239021,0.998352,-0.0505081,0.0263375,0.891324,0.451796,0.037141,0.874111,-0.482772,-0.0531327,0.875271,0.0299081,-0.48265,0.891324,0.451796,0.037141,0.859676,0.297678,0.415052,0.998352,-0.0505081,0.0263375,0.949705,-0.168218,0.264077,0.767113,-0.194464,0.611316,0.755608,-0.501602,0.421216,0.755608,-0.501602,0.421216,0.64922,-0.716605,0.254799,0.64922,-0.716605,0.254799,0.874111,-0.482772,-0.0531327,0.874111,-0.482772,-0.0531327,0.744469,-0.43379,-0.507492,0.951628,-0.191809,-0.239967,0.6245,-0.162816,-0.763848,0.6245,-0.162816,-0.763848,0.875271,0.0299081,-0.48265,0.60445,0.132847,-0.785455,0.60445,0.132847,-0.785455,0.679983,0.394055,-0.618305,0.679983,0.394055,-0.618305,0.679983,0.394055,-0.618305,0.661397,0.688009,-0.298593,0.661397,0.688009,-0.298593,0.891324,0.451796,0.037141,0.727134,0.686331,-0.013245,0.718131,0.604205,0.345195,0.859676,0.297678,0.415052,0.859676,0.297678,0.415052,0.744041,0.102847,0.660146,0.767113,-0.194464,0.611316,0.64922,-0.716605,0.254799,0.644765,-0.747429,-0.159856,0.744469,-0.43379,-0.507492,0.727134,0.686331,-0.013245,0.718131,0.604205,0.345195,0.718131,0.604205,0.345195,0.599567,0.378582,0.7051,0.744041,0.102847,0.660146,0.767113,-0.194464,0.611316,0.472793,-0.0574358,0.879269,0.467635,-0.431684,0.771294,0.467635,-0.431684,0.771294,0.755608,-0.501602,0.421216,0.331462,-0.707022,0.624653,0.331462,-0.707022,0.624653,0.644765,-0.747429,-0.159856,0.421339,-0.737541,-0.527665,0.744469,-0.43379,-0.507492,0.425794,-0.47438,-0.77047,0.425794,-0.47438,-0.77047,0.529923,0.630634,-0.566942,0.661397,0.688009,-0.298593,0.400464,0.915433,-0.0398572,0.727134,0.686331,-0.013245,0.415174,0.869198,0.268441,0.415174,0.869198,0.268441,0.456252,0.692923,0.558245,0.456252,0.692923,0.558245,0.599567,0.378582,0.7051,0.599567,0.378582,0.7051,0.744041,0.102847,0.660146,0.252541,-0.95587,0.149998,0.252541,-0.95587,0.149998,0.644765,-0.747429,-0.159856,0.407331,-0.907468,-0.102603,0.407331,-0.907468,-0.102603,0.421339,-0.737541,-0.527665,0.425794,-0.47438,-0.77047,0.257698,-0.113437,-0.959532,0.6245,-0.162816,-0.763848,0.60445,0.132847,-0.785455,0.279366,0.282357,-0.917692,0.279366,0.282357,-0.917692,0.258797,0.612293,-0.747032,0.258797,0.612293,-0.747032,0.529923,0.630634,-0.566942,0.529923,0.630634,-0.566942,0.252419,0.883999,-0.393414,0.252419,0.883999,-0.393414,0.400464,0.915433,-0.0398572,0.456252,0.692923,0.558245,0.31901,0.428907,0.845119,0.472793,-0.0574358,0.879269,0.472793,-0.0574358,0.879269,0.13599,0.0388195,0.989929,0.046205,-0.373974,0.926267,0.046205,-0.373974,0.926267,0.467635,-0.431684,0.771294,0.407331,-0.907468,-0.102603,-0.0218207,-0.957579,-0.28724,-0.0218207,-0.957579,-0.28724,0.421339,-0.737541,-0.527665,0.135899,-0.76223,-0.632862,0.0856044,-0.459639,-0.883938,0.135899,-0.76223,-0.632862,0.0856044,-0.459639,-0.883938,0.257698,-0.113437,-0.959532,0.252419,0.883999,-0.393414,0.0116581,0.999603,-0.024659,0.400464,0.915433,-0.0398572,0.0128483,0.951903,0.30607,0.0128483,0.951903,0.30607,0.415174,0.869198,0.268441,0.124119,0.77514,0.619465,0.124119,0.77514,0.619465,0.31901,0.428907,0.845119,0.31901,0.428907,0.845119,0.331462,-0.707022,0.624653,-0.00320444,-0.707114,0.707083,-0.00320444,-0.707114,0.707083,0.0328379,-0.937956,0.345103,0.0328379,-0.937956,0.345103,0.257698,-0.113437,-0.959532,-0.139592,-0.117496,-0.983184,-0.062624,0.290353,-0.954833,-0.139592,-0.117496,-0.983184,-0.062624,0.290353,-0.954833,0.279366,0.282357,-0.917692,-0.0630512,0.646779,-0.760033,-0.0630512,0.646779,-0.760033,0.258797,0.612293,-0.747032,-0.0476089,0.908048,-0.41612,-0.0476089,0.908048,-0.41612,0.0116581,0.999603,-0.024659,0.124119,0.77514,0.619465,-0.0437025,0.459029,0.887326,0.13599,0.0388195,0.989929,0.13599,0.0388195,0.989929,-0.276162,-0.0350047,0.960448,0.0328379,-0.937956,0.345103,-0.210913,-0.97705,0.0295114,0.252541,-0.95587,0.149998,-0.0218207,-0.957579,-0.28724,-0.249702,-0.812494,-0.526749,0.135899,-0.76223,-0.632862,-0.232887,-0.509903,-0.828089,-0.232887,-0.509903,-0.828089,0.0856044,-0.459639,-0.883938,0.0128483,0.951903,0.30607,-0.254311,0.77749,0.575121,-0.0437025,0.459029,0.887326,-0.0437025,0.459029,0.887326,0.046205,-0.373974,0.926267,-0.421339,-0.523576,0.740471,-0.421339,-0.523576,0.740471,-0.00320444,-0.707114,0.707083,-0.291543,-0.806452,0.514389,-0.291543,-0.806452,0.514389,-0.210913,-0.97705,0.0295114,-0.249702,-0.812494,-0.526749,-0.139592,-0.117496,-0.983184,-0.378521,0.22309,-0.898282,-0.062624,0.290353,-0.954833,-0.432813,0.556932,-0.708823,-0.432813,0.556932,-0.708823,-0.0630512,0.646779,-0.760033,-0.3979,0.782434,-0.478988,-0.3979,0.782434,-0.478988,-0.0476089,0.908048,-0.41612,-0.398022,0.901303,-0.170843,-0.398022,0.901303,-0.170843,0.0116581,0.999603,-0.024659,-0.38493,0.907956,0.165441,-0.38493,0.907956,0.165441,-0.254311,0.77749,0.575121,-0.254311,0.77749,0.575121,-0.385784,0.442,0.809778,-0.276162,-0.0350047,0.960448,-0.291543,-0.806452,0.514389,-0.516465,-0.788202,0.334544,-0.516465,-0.788202,0.334544,-0.210913,-0.97705,0.0295114,-0.511917,-0.858455,0.0312204,-0.511917,-0.858455,0.0312204,-0.499344,-0.82815,-0.254524,-0.499344,-0.82815,-0.254524,-0.249702,-0.812494,-0.526749,-0.533525,-0.66625,-0.521012,-0.535447,-0.446516,-0.716819,-0.533525,-0.66625,-0.521012,-0.535447,-0.446516,-0.716819,-0.232887,-0.509903,-0.828089,-0.51326,-0.106326,-0.851588,-0.51326,-0.106326,-0.851588,-0.378521,0.22309,-0.898282,-0.38493,0.907956,0.165441,-0.55562,0.704947,0.440779,-0.385784,0.442,0.809778,-0.276162,-0.0350047,0.960448,-0.592822,-0.185461,0.783654,-0.51326,-0.106326,-0.851588,-0.714927,0.25251,-0.651967,-0.378521,0.22309,-0.898282,-0.432813,0.556932,-0.708823,-0.727866,0.593921,-0.342662,-0.727866,